/*localrelatorio*/
INSERT INTO `hiber`.`localrelatorio` (`relCodigo`, `relLocal`) VALUES ('1', '/desktop');
/*Fornecedor*/
INSERT INTO `hiber`.`fornecedor` (`forCodigo`, `endBairro`, `endCidade`, `endEstado`, `endNumero`, `endPais`, `endRua`, `forAnotacoes`, `forCNPJ`, `forEmail`, `forNomeEmpresa`, `forTelefoneContato`) VALUES ('1', 'Eldorado', 'Formiga', 'Minas Gerais', '104', 'Brasil', 'Isolina C. Souza', 'Forncene jogos de FPS', '111.222.333/4444-00', 'alf@gmail.com', 'FormigaGames', '(37)99999-9999');
INSERT INTO `hiber`.`fornecedor` (`forCodigo`, `endBairro`, `endCidade`, `endEstado`, `endNumero`, `endPais`, `endRua`, `forAnotacoes`, `forCNPJ`, `forEmail`, `forNomeEmpresa`, `forTelefoneContato`) VALUES ('2', 'Centro', 'São Paulo', 'São Paulo', '235', 'Brasil', 'Av. Brasil', 'Forncene jogos de Hack and Slash', '111.222.333/4444-01', 'sp@gmail.com', 'SPGames', '(37)99999-9991');
INSERT INTO `hiber`.`fornecedor` (`forCodigo`, `endBairro`, `endCidade`, `endEstado`, `endNumero`, `endPais`, `endRua`, `forAnotacoes`, `forCNPJ`, `forEmail`, `forNomeEmpresa`, `forTelefoneContato`) VALUES ('3', 'Centro', 'Belo Horizonte', 'Minas Gerais', '653', 'Brasil', 'Av. BH', 'Forncene jogos de Terror', '111.222.333/4444-02', 'bh@gmail.com', 'BhGames', '(37)99999-9992');
INSERT INTO `hiber`.`fornecedor` (`forCodigo`, `endBairro`, `endCidade`, `endEstado`, `endNumero`, `endPais`, `endRua`, `forAnotacoes`, `forCNPJ`, `forEmail`, `forNomeEmpresa`, `forTelefoneContato`) VALUES ('4', 'Centro', 'Florianópolis', 'Santa Catarina', '148', 'Brasil', 'Av. Flor', 'Forncene jogos de corrida', '111.222.333/4444-03', 'sc@gmail.com', 'SCGames', '(37)99999-9993');
INSERT INTO `hiber`.`fornecedor` (`forCodigo`, `endBairro`, `endCidade`, `endEstado`, `endNumero`, `endPais`, `endRua`, `forAnotacoes`, `forCNPJ`, `forEmail`, `forNomeEmpresa`, `forTelefoneContato`) VALUES ('5', 'Centro', 'Curitiba', 'Paraná', '987', 'Brasil', 'Av. Paraná', 'Forncene jogos de Moba', '111.222.333/4444-04', 'pn@gmail.com', 'PNGames', '(37)99999-9994');
INSERT INTO `hiber`.`fornecedor` (`forCodigo`, `endBairro`, `endCidade`, `endEstado`, `endNumero`, `endPais`, `endRua`, `forAnotacoes`, `forCNPJ`, `forEmail`, `forNomeEmpresa`, `forTelefoneContato`) VALUES ('6', 'Centro', 'Recife', 'Pernanbuco', '23', 'Brasil', 'Av. Recife', 'Forncene jogos de Aventura', '111.222.333/4444-05', 'pb@gmail.com', 'PBGames', '(37)99999-9995');
INSERT INTO `hiber`.`fornecedor` (`forCodigo`, `endBairro`, `endCidade`, `endEstado`, `endNumero`, `endPais`, `endRua`, `forAnotacoes`, `forCNPJ`, `forEmail`, `forNomeEmpresa`, `forTelefoneContato`) VALUES ('7', 'Centro', 'Vitória', 'Espírito Santo', '1342', 'Brasil', 'Av. Santa', 'Forncene jogos de Plataforma', '111.222.333/4444-06', 'es@gmail.com', 'ESGames', '(37)99999-9996');
INSERT INTO `hiber`.`fornecedor` (`forCodigo`, `endBairro`, `endCidade`, `endEstado`, `endNumero`, `endPais`, `endRua`, `forAnotacoes`, `forCNPJ`, `forEmail`, `forNomeEmpresa`, `forTelefoneContato`) VALUES ('8', 'Centro', 'Rio de Janeiro', 'Rio de Janeiro', '626', 'Brasil', 'Av. Rj', 'Forncene jogos de RPG', '111.222.333/4444-07', 'rj@gmail.com', 'RJGames', '(37)99999-9997');
INSERT INTO `hiber`.`fornecedor` (`forCodigo`, `endBairro`, `endCidade`, `endEstado`, `endNumero`, `endPais`, `endRua`, `forAnotacoes`, `forCNPJ`, `forEmail`, `forNomeEmpresa`, `forTelefoneContato`) VALUES ('9', 'Centro', 'Formiga', 'Minas Gerais', '100', 'Brasil', 'Av. Formiga', 'Forncene saneamento básico', '111.222.333/4444-08', 'SAAE@gmail.com', 'SAAE', '(37)99999-9999');
INSERT INTO `hiber`.`fornecedor` (`forCodigo`, `endBairro`, `endCidade`, `endEstado`, `endNumero`, `endPais`, `endRua`, `forAnotacoes`, `forCNPJ`, `forEmail`, `forNomeEmpresa`, `forTelefoneContato`) VALUES ('10', 'Centro', 'Formiga', 'Minas Gerais', '200', 'Brasil', 'Av. Formiga', 'Forncene energia elétrica', '111.222.333/4444-09', 'CEMIG@gmail.com', 'CEMIG', '(37)99999-9999');
/*Categoria*/
INSERT INTO `hiber`.`categoria` (`catCodigo`, `catNome`) VALUES ('1', 'FPS');
INSERT INTO `hiber`.`categoria` (`catCodigo`, `catNome`) VALUES ('2', 'Hack and Slash');
INSERT INTO `hiber`.`categoria` (`catCodigo`, `catNome`) VALUES ('3', 'Terror');
INSERT INTO `hiber`.`categoria` (`catCodigo`, `catNome`) VALUES ('4', 'Corrida');
INSERT INTO `hiber`.`categoria` (`catCodigo`, `catNome`) VALUES ('5', 'Moba');
INSERT INTO `hiber`.`categoria` (`catCodigo`, `catNome`) VALUES ('6', 'Aventura');
INSERT INTO `hiber`.`categoria` (`catCodigo`, `catNome`) VALUES ('7', 'Plataforma');
INSERT INTO `hiber`.`categoria` (`catCodigo`, `catNome`) VALUES ('8', 'RPG');
/*Console*/
INSERT INTO `hiber`.`console` (`conCodigo`, `conMarca`, `conNome`) VALUES ('1', 'Nintendo', 'Switch');
INSERT INTO `hiber`.`console` (`conCodigo`, `conMarca`, `conNome`) VALUES ('2', 'Sony', 'Playstation 4');
INSERT INTO `hiber`.`console` (`conCodigo`, `conMarca`, `conNome`) VALUES ('3', 'Microsoft', 'Xbox One');
INSERT INTO `hiber`.`console` (`conCodigo`, `conMarca`, `conNome`) VALUES ('4', 'Pc Gamer', 'PC');
/*Lucro*/
INSERT INTO `hiber`.`lucro` (`luCod`, `lucPorcentagem`) VALUES ('1', '10');
/*Caixa*/
INSERT INTO `hiber`.`caixa` (`caixaCodigo`, `caixaDinheiro`) VALUES ('1', '0');
/*Jogo*/
INSERT INTO `hiber`.`jogo` (`joCodigo`, `joFaixaEtaria`, `joLote`, `joNome`, `joPrecoPadrao`, `joQtd`, `joTipo`, `jo_catCodigo`, `jo_conCodigo`, `jo_forCodigo`, `jo_lucCodigo`) VALUES ('1', '+(18)', '4444', 'Crysis 4', '444', '4', 'Aluguel', '1', '4', '1', '1');
INSERT INTO `hiber`.`jogo` (`joCodigo`, `joFaixaEtaria`, `joLote`, `joNome`, `joPrecoPadrao`, `joQtd`, `joTipo`, `jo_catCodigo`, `jo_conCodigo`, `jo_forCodigo`, `jo_lucCodigo`) VALUES ('2', '+(18)', '3333', 'Half Life 3', '333', '3', 'Aluguel', '1', '4', '1', '1');
INSERT INTO `hiber`.`jogo` (`joCodigo`, `joFaixaEtaria`, `joLote`, `joNome`, `joPrecoPadrao`, `joQtd`, `joTipo`, `jo_catCodigo`, `jo_conCodigo`, `jo_forCodigo`, `jo_lucCodigo`) VALUES ('3', '+(18)', '3756', 'God Of War 3', '350', '20', 'Venda', '2', '3', '2', '1');
INSERT INTO `hiber`.`jogo` (`joCodigo`, `joFaixaEtaria`, `joLote`, `joNome`, `joPrecoPadrao`, `joQtd`, `joTipo`, `jo_catCodigo`, `jo_conCodigo`, `jo_forCodigo`, `jo_lucCodigo`) VALUES ('4', '+(18)', '5678', 'Devil My Cry 5', '200', '30', 'Venda', '2', '3', '2', '1');
INSERT INTO `hiber`.`jogo` (`joCodigo`, `joFaixaEtaria`, `joLote`, `joNome`, `joPrecoPadrao`, `joQtd`, `joTipo`, `jo_catCodigo`, `jo_conCodigo`, `jo_forCodigo`, `jo_lucCodigo`) VALUES ('5', '+(18)', '3544', 'OutLast 1', '130', '10', 'Aluguel', '3', '1', '3', '1');
INSERT INTO `hiber`.`jogo` (`joCodigo`, `joFaixaEtaria`, `joLote`, `joNome`, `joPrecoPadrao`, `joQtd`, `joTipo`, `jo_catCodigo`, `jo_conCodigo`, `jo_forCodigo`, `jo_lucCodigo`) VALUES ('6', '+(18)', '5213', 'OutLast 2', '170', '5', 'Venda', '3', '1', '3', '1');
INSERT INTO `hiber`.`jogo` (`joCodigo`, `joFaixaEtaria`, `joLote`, `joNome`, `joPrecoPadrao`, `joQtd`, `joTipo`, `jo_catCodigo`, `jo_conCodigo`, `jo_forCodigo`, `jo_lucCodigo`) VALUES ('7', '+(18)', '7846', 'Blur', '210', '15', 'Aluguel', '4', '2', '4', '1');
INSERT INTO `hiber`.`jogo` (`joCodigo`, `joFaixaEtaria`, `joLote`, `joNome`, `joPrecoPadrao`, `joQtd`, `joTipo`, `jo_catCodigo`, `jo_conCodigo`, `jo_forCodigo`, `jo_lucCodigo`) VALUES ('8', '+(18)', '9821', 'Flat Out 2', '100', '20', 'Venda', '4', '2', '4', '1');
INSERT INTO `hiber`.`jogo` (`joCodigo`, `joFaixaEtaria`, `joLote`, `joNome`, `joPrecoPadrao`, `joQtd`, `joTipo`, `jo_catCodigo`, `jo_conCodigo`, `jo_forCodigo`, `jo_lucCodigo`) VALUES ('9', '+(18)', '3648', 'Dota 3', '160', '25', 'Aluguel', '5', '3', '5', '1');
INSERT INTO `hiber`.`jogo` (`joCodigo`, `joFaixaEtaria`, `joLote`, `joNome`, `joPrecoPadrao`, `joQtd`, `joTipo`, `jo_catCodigo`, `jo_conCodigo`, `jo_forCodigo`, `jo_lucCodigo`) VALUES ('10', '+(18)', '1023', 'Smite 2', '155', '15', 'Venda', '5', '3', '5', '1');
INSERT INTO `hiber`.`jogo` (`joCodigo`, `joFaixaEtaria`, `joLote`, `joNome`, `joPrecoPadrao`, `joQtd`, `joTipo`, `jo_catCodigo`, `jo_conCodigo`, `jo_forCodigo`, `jo_lucCodigo`) VALUES ('11', '+(18)', '3068', 'The last of Us 3', '190', '35', 'Aluguel', '6', '4', '6', '1');
INSERT INTO `hiber`.`jogo` (`joCodigo`, `joFaixaEtaria`, `joLote`, `joNome`, `joPrecoPadrao`, `joQtd`, `joTipo`, `jo_catCodigo`, `jo_conCodigo`, `jo_forCodigo`, `jo_lucCodigo`) VALUES ('12', '+(18)', '8016', 'Zelda Z', '220', '30', 'Venda', '6', '1', '6', '1');
INSERT INTO `hiber`.`jogo` (`joCodigo`, `joFaixaEtaria`, `joLote`, `joNome`, `joPrecoPadrao`, `joQtd`, `joTipo`, `jo_catCodigo`, `jo_conCodigo`, `jo_forCodigo`, `jo_lucCodigo`) VALUES ('13', '+(18)', '9041', 'Celeste', '205', '20', 'Aluguel', '7', '2', '7', '1');
INSERT INTO `hiber`.`jogo` (`joCodigo`, `joFaixaEtaria`, `joLote`, `joNome`, `joPrecoPadrao`, `joQtd`, `joTipo`, `jo_catCodigo`, `jo_conCodigo`, `jo_forCodigo`, `jo_lucCodigo`) VALUES ('14', '+(18)', '7605', 'Dead Cells 2', '175', '25', 'Venda', '7', '3', '7', '1');
INSERT INTO `hiber`.`jogo` (`joCodigo`, `joFaixaEtaria`, `joLote`, `joNome`, `joPrecoPadrao`, `joQtd`, `joTipo`, `jo_catCodigo`, `jo_conCodigo`, `jo_forCodigo`, `jo_lucCodigo`) VALUES ('15', '+(18)', '2903', 'Warcraft 4', '125', '20', 'Aluguel', '8', '1', '8', '1');
INSERT INTO `hiber`.`jogo` (`joCodigo`, `joFaixaEtaria`, `joLote`, `joNome`, `joPrecoPadrao`, `joQtd`, `joTipo`, `jo_catCodigo`, `jo_conCodigo`, `jo_forCodigo`, `jo_lucCodigo`) VALUES ('16', '+(18)', '4068', 'Dark souls The Remake', '135', '35', 'Venda', '8', '2', '8', '1');
/*Cliente*/
INSERT INTO `hiber`.`cliente` (`cliCodigo`, `cliCpf`, `cliEmail`, `cliIdade`, `cliNome`, `cliTelefone`, `endBairro`, `endCidade`, `endEstado`, `endNumero`, `endPais`, `endRua`) VALUES ('1', '140.999.333-00', 'cli1@gmail.com', '20', 'Cliente à vista', '(37)98888-9999', 'Cristo', 'Formiga', 'Minas Gerais', '101', 'Brasil', 'Rua um');
INSERT INTO `hiber`.`cliente` (`cliCodigo`, `cliCpf`, `cliEmail`, `cliIdade`, `cliNome`, `cliTelefone`, `endBairro`, `endCidade`, `endEstado`, `endNumero`, `endPais`, `endRua`) VALUES ('2', '150.999.333-11', 'cli2@gmail.com', '30', 'Chico Cruz', '(37)98888-9991', 'Centro', 'Formiga', 'Minas Gerais', '202', 'Brasil', 'Rua dois');
INSERT INTO `hiber`.`cliente` (`cliCodigo`, `cliCpf`, `cliEmail`, `cliIdade`, `cliNome`, `cliTelefone`, `endBairro`, `endCidade`, `endEstado`, `endNumero`, `endPais`, `endRua`) VALUES ('3', '100.333.777.-22', 'cli3@gmail.com', '25', 'Maria do Carmo', '(37)98888-9992', 'Centenário', 'Formiga', 'Minas Gerais', '303', 'Brasil', 'Rua três');
INSERT INTO `hiber`.`cliente` (`cliCodigo`, `cliCpf`, `cliEmail`, `cliIdade`, `cliNome`, `cliTelefone`, `endBairro`, `endCidade`, `endEstado`, `endNumero`, `endPais`, `endRua`) VALUES ('4', '333.125.468-66', 'cli4@gmail.com', '22', 'José Fino', '(37)98888-9993', 'Centro', 'Arcos', 'Minas Gerais', '404', 'Brasil', 'Rua quatro');
INSERT INTO `hiber`.`cliente` (`cliCodigo`, `cliCpf`, `cliEmail`, `cliIdade`, `cliNome`, `cliTelefone`, `endBairro`, `endCidade`, `endEstado`, `endNumero`, `endPais`, `endRua`) VALUES ('5', '152.468.665-44', 'cli5@gmail.com', '23', 'Marcos Quintus', '(37)98888-9994', 'Centro', 'Córrego fundo', 'Minas Gerais', '505', 'Brasil', 'Rua cinco');
/*lista desejo*/
/*INSERT INTO `hiber`.`listadesejo` (`lisCodigo`, `lisNomeJogo`, `lisPlataforma`, `cliente_cliCodigo`) VALUES ('1', 'Dark sousl 4', 'PC', '1');*/
INSERT INTO `hiber`.`cliente` (`cliCodigo`, `cliNome`) VALUES ('1', 'Cliente à vista');
INSERT INTO `hiber`.`listadesejo` (`lisCodigo`, `lisNomeJogo`, `lisPlataforma`, `cliente_cliCodigo`) VALUES ('2', 'Super Mario Universe', 'Nintendo Switch', '2');
INSERT INTO `hiber`.`listadesejo` (`lisCodigo`, `lisNomeJogo`, `lisPlataforma`, `cliente_cliCodigo`) VALUES ('3', 'Shadow of the Colossus 2', 'Playstation 5', '3');
INSERT INTO `hiber`.`listadesejo` (`lisCodigo`, `lisNomeJogo`, `lisPlataforma`, `cliente_cliCodigo`) VALUES ('4', 'Halo 8', 'XboxTwo', '4');
/*Emprego*/
INSERT INTO `hiber`.`emprego` (`empCodigo`, `empDescricao`, `empNome`, `empSalarioPadrao`) VALUES ('1', 'Tem a função de administrador no sistema', 'Administrador', '5000');
INSERT INTO `hiber`.`emprego` (`empCodigo`, `empDescricao`, `empNome`, `empSalarioPadrao`) VALUES ('2', 'Tem a função de vendedor no sistema','Vendedor', '2000');
INSERT INTO `hiber`.`emprego` (`empCodigo`, `empDescricao`, `empNome`, `empSalarioPadrao`) VALUES ('3', 'Realiza faxinas na empresa', 'Faxineiro', '1000');
INSERT INTO `hiber`.`emprego` (`empCodigo`, `empDescricao`, `empNome`, `empSalarioPadrao`) VALUES ('4', 'Realiza entregas na empresa', 'Motoboy', '1200');
INSERT INTO `hiber`.`emprego` (`empCodigo`, `empDescricao`, `empNome`, `empSalarioPadrao`) VALUES ('5', 'Realiza o marketing da empresa', 'Market Man or Woman or other genre', '1800');
/*Funcionario*/																																					
INSERT INTO `hiber`.`funcionario` (`funCodigo`, `endBairro`, `endCidade`, `endEstado`, `endNumero`, `endPais`, `endRua`, `funCpf`, `funEmail`, `funIdade`, `funNisPis`, `funNome`, `funSalario`, `funTelefone`, `fun_caixaCodigo`, `fun_empCodigo`) VALUES ('1', 'Bairro da Empresa', 'Formiga', 'Minas Gerais', '1001', 'Brasil', 'Rua Empresarial', '110.999.333-11', 'fun1@gmail.com', '30', '333.55555.22-1', 'Armelindo Rico', '9999', '(37)97777-9999', '1', '1');
INSERT INTO `hiber`.`funcionario` (`funCodigo`, `endBairro`, `endCidade`, `endEstado`, `endNumero`, `endPais`, `endRua`, `funCpf`, `funEmail`, `funIdade`, `funNisPis`, `funNome`, `funSalario`, `funTelefone`, `fun_caixaCodigo`, `fun_empCodigo`) VALUES ('2', 'Bairro da Empresa', 'Formiga', 'Minas Gerais', '1002', 'Brasil', 'Rua Empresarial', '110.999.333-22', 'fun2@gmail.com', '20', '333.55555.22-2', 'Rubens Roxo', '3500', '(37)97777-9991', '1', '2');
INSERT INTO `hiber`.`funcionario` (`funCodigo`, `endBairro`, `endCidade`, `endEstado`, `endNumero`, `endPais`, `endRua`, `funCpf`, `funEmail`, `funIdade`, `funNisPis`, `funNome`, `funSalario`, `funTelefone`, `fun_caixaCodigo`, `fun_empCodigo`) VALUES ('3', 'Bairro da Empresa', 'Formiga', 'Minas Gerais', '1003', 'Brasil', 'Rua Empresarial', '110.999.333-33', 'fun3@gmail.com', '40', '333.55555.22-3', 'Mario Luis', '2000', '(37)97777-9992', '1', '3');
INSERT INTO `hiber`.`funcionario` (`funCodigo`, `endBairro`, `endCidade`, `endEstado`, `endNumero`, `endPais`, `endRua`, `funCpf`, `funEmail`, `funIdade`, `funNisPis`, `funNome`, `funSalario`, `funTelefone`, `fun_caixaCodigo`, `fun_empCodigo`) VALUES ('4', 'Bairro da Empresa', 'Formiga', 'Minas Gerais', '1004', 'Brasil', 'Rua Empresarial', '110.999.333-44', 'fun4@gmail.com', '18', '333.55555.22-4', 'Akira', '1000', '(37)97777-9993', '1', '4');
INSERT INTO `hiber`.`funcionario` (`funCodigo`, `endBairro`, `endCidade`, `endEstado`, `endNumero`, `endPais`, `endRua`, `funCpf`, `funEmail`, `funIdade`, `funNisPis`, `funNome`, `funSalario`, `funTelefone`, `fun_caixaCodigo`, `fun_empCodigo`) VALUES ('5', 'Bairro da Empresa', 'Formiga', 'Minas Gerais', '1005', 'Brasil', 'Rua Empresarial', '110.999.333-55', 'fun5@gmail.com', '35', '333.55555.22-5', 'Steve Joab', '2300', '(37)97777-9994', '1', '5');
/*Vendedor*/
INSERT INTO `hiber`.`vendedor` (`vendedorCodigo`, `vendedorNomeUsuario`, `vendedorSenha`, `vendedor_funCodigo`) VALUES ('1', '8AleF8', '123', '1');
INSERT INTO `hiber`.`vendedor` (`vendedorCodigo`, `vendedorNomeUsuario`, `vendedorSenha`, `vendedor_funCodigo`) VALUES ('2', '9AleF9', '123', '2');
/*Venda*/
INSERT INTO `hiber`.`venda` (`vendaCodigo`, `vendaData`, `vendaEntrada`, `vendaNparcelas`, `vendaValorTotal`, `venda_caixaCodigo`, `venda_clienteCodigo`, `venda_vendedorCodigo`) VALUES ('1', '2018-01-01', '20', '3', '100', '1', '2', '1');
INSERT INTO `hiber`.`venda` (`vendaCodigo`, `vendaData`, `vendaEntrada`, `vendaNparcelas`, `vendaValorTotal`, `venda_caixaCodigo`, `venda_clienteCodigo`, `venda_vendedorCodigo`) VALUES ('2', '2018-02-02', '200', '0', '200', '1', '1', '1');
INSERT INTO `hiber`.`venda` (`vendaCodigo`, `vendaData`, `vendaEntrada`, `vendaNparcelas`, `vendaValorTotal`, `venda_caixaCodigo`, `venda_clienteCodigo`, `venda_vendedorCodigo`) VALUES ('3', '2018-03-03', '300', '0', '300', '1', '3', '2');
INSERT INTO `hiber`.`venda` (`vendaCodigo`, `vendaData`, `vendaEntrada`, `vendaNparcelas`, `vendaValorTotal`, `venda_caixaCodigo`, `venda_clienteCodigo`, `venda_vendedorCodigo`) VALUES ('4', '2018-04-04', '100', '0', '100', '1', '4', '2');
INSERT INTO `hiber`.`venda` (`vendaCodigo`, `vendaData`, `vendaEntrada`, `vendaNparcelas`, `vendaValorTotal`, `venda_caixaCodigo`, `venda_clienteCodigo`, `venda_vendedorCodigo`) VALUES ('5', '2018-05-05', '100', '0', '100', '1', '5', '2');
INSERT INTO `hiber`.`venda` (`vendaCodigo`, `vendaData`, `vendaEntrada`, `vendaNparcelas`, `vendaValorTotal`, `venda_caixaCodigo`, `venda_clienteCodigo`, `venda_vendedorCodigo`) VALUES ('6', '2018-06-06', '100', '0', '100', '1', '1', '2');
INSERT INTO `hiber`.`venda` (`vendaCodigo`, `vendaData`, `vendaEntrada`, `vendaNparcelas`, `vendaValorTotal`, `venda_caixaCodigo`, `venda_clienteCodigo`, `venda_vendedorCodigo`) VALUES ('7', '2018-07-07', '100', '2', '300', '1', '2', '2');
INSERT INTO `hiber`.`venda` (`vendaCodigo`, `vendaData`, `vendaEntrada`, `vendaNparcelas`, `vendaValorTotal`, `venda_caixaCodigo`, `venda_clienteCodigo`, `venda_vendedorCodigo`) VALUES ('8', '2018-08-08', '100', '2', '300', '1', '3', '2');
INSERT INTO `hiber`.`venda` (`vendaCodigo`, `vendaData`, `vendaEntrada`, `vendaNparcelas`, `vendaValorTotal`, `venda_caixaCodigo`, `venda_clienteCodigo`, `venda_vendedorCodigo`) VALUES ('9', '2018-09-09', '100', '2', '200', '1', '4', '2');
INSERT INTO `hiber`.`venda` (`vendaCodigo`, `vendaData`, `vendaEntrada`, `vendaNparcelas`, `vendaValorTotal`, `venda_caixaCodigo`, `venda_clienteCodigo`, `venda_vendedorCodigo`) VALUES ('10', '2018-10-10', '100', '2', '150', '1', '5', '2');
/*itemVenda*/
INSERT INTO `hiber`.`jogo_venda` (`jvPreco`, `jvQdt`, `joCod`, `venCod`) VALUES ('10', '1', '6', '1');
INSERT INTO `hiber`.`jogo_venda` (`jvPreco`, `jvQdt`, `joCod`, `venCod`) VALUES ('100', '2', '6', '2');
INSERT INTO `hiber`.`jogo_venda` (`jvPreco`, `jvQdt`, `joCod`, `venCod`) VALUES ('150', '1', '8', '3');
INSERT INTO `hiber`.`jogo_venda` (`jvPreco`, `jvQdt`, `joCod`, `venCod`) VALUES ('200', '1', '10', '3');
INSERT INTO `hiber`.`jogo_venda` (`jvPreco`, `jvQdt`, `joCod`, `venCod`) VALUES ('100', '3', '12', '4');
INSERT INTO `hiber`.`jogo_venda` (`jvPreco`, `jvQdt`, `joCod`, `venCod`) VALUES ('150', '1', '14', '5');
INSERT INTO `hiber`.`jogo_venda` (`jvPreco`, `jvQdt`, `joCod`, `venCod`) VALUES ('200', '2', '16', '6');
INSERT INTO `hiber`.`jogo_venda` (`jvPreco`, `jvQdt`, `joCod`, `venCod`) VALUES ('100', '1', '10', '7');
INSERT INTO `hiber`.`jogo_venda` (`jvPreco`, `jvQdt`, `joCod`, `venCod`) VALUES ('50', '1', '12', '7');
INSERT INTO `hiber`.`jogo_venda` (`jvPreco`, `jvQdt`, `joCod`, `venCod`) VALUES ('130', '2', '10', '8');
INSERT INTO `hiber`.`jogo_venda` (`jvPreco`, `jvQdt`, `joCod`, `venCod`) VALUES ('120', '1', '14', '8');
INSERT INTO `hiber`.`jogo_venda` (`jvPreco`, `jvQdt`, `joCod`, `venCod`) VALUES ('160', '1', '6', '9');
INSERT INTO `hiber`.`jogo_venda` (`jvPreco`, `jvQdt`, `joCod`, `venCod`) VALUES ('200', '1', '8', '10');
/*vendaAParazo*/
INSERT INTO `hiber`.`vendaaprazo` (`vapCodigo`, `vapData`, `vapNumParcela`, `vapSituacao`, `vapValorParcela`, `vap_vendaCodigo`) VALUES ('1', '2018-02-02', '1', 'Paga', '50', '1');
INSERT INTO `hiber`.`vendaaprazo` (`vapCodigo`, `vapData`, `vapNumParcela`, `vapSituacao`, `vapValorParcela`, `vap_vendaCodigo`) VALUES ('2', '2018-03-03', '2', 'Pendente', '50', '1');
INSERT INTO `hiber`.`vendaaprazo` (`vapCodigo`, `vapData`, `vapNumParcela`, `vapSituacao`, `vapValorParcela`, `vap_vendaCodigo`) VALUES ('3', '2018-04-04', '3', 'Pendente', '50', '1');
INSERT INTO `hiber`.`vendaaprazo` (`vapCodigo`, `vapData`, `vapNumParcela`, `vapSituacao`, `vapValorParcela`, `vap_vendaCodigo`) VALUES ('4', '2018-08-08', '1', 'Pendente', '100', '7');
INSERT INTO `hiber`.`vendaaprazo` (`vapCodigo`, `vapData`, `vapNumParcela`, `vapSituacao`, `vapValorParcela`, `vap_vendaCodigo`) VALUES ('5', '2018-09-09', '2', 'Pendente', '100', '7');
INSERT INTO `hiber`.`vendaaprazo` (`vapCodigo`, `vapData`, `vapNumParcela`, `vapSituacao`, `vapValorParcela`, `vap_vendaCodigo`) VALUES ('6', '2018-09-09', '1', 'Pendente', '100', '8');
INSERT INTO `hiber`.`vendaaprazo` (`vapCodigo`, `vapData`, `vapNumParcela`, `vapSituacao`, `vapValorParcela`, `vap_vendaCodigo`) VALUES ('7', '2018-10-10', '2', 'Pendente', '100', '8');
INSERT INTO `hiber`.`vendaaprazo` (`vapCodigo`, `vapData`, `vapNumParcela`, `vapSituacao`, `vapValorParcela`, `vap_vendaCodigo`) VALUES ('8', '2018-10-10', '1', 'Pendente', '50', '9');
INSERT INTO `hiber`.`vendaaprazo` (`vapCodigo`, `vapData`, `vapNumParcela`, `vapSituacao`, `vapValorParcela`, `vap_vendaCodigo`) VALUES ('9', '2018-11-11', '2', 'Pendente', '50', '9');
INSERT INTO `hiber`.`vendaaprazo` (`vapCodigo`, `vapData`, `vapNumParcela`, `vapSituacao`, `vapValorParcela`, `vap_vendaCodigo`) VALUES ('10', '2018-11-11', '1', 'Pendente', '25', '10');
INSERT INTO `hiber`.`vendaaprazo` (`vapCodigo`, `vapData`, `vapNumParcela`, `vapSituacao`, `vapValorParcela`, `vap_vendaCodigo`) VALUES ('11', '2018-12-12', '2', 'Pendente', '25', '10');
/*Locação*/
INSERT INTO `hiber`.`locacao` (`locCodigo`, `locDataAluguel`, `locDataDevolucao`, `locEntrada`, `locPrecoUnit`, `locPreçoTotal`, `locStatus`, `loc_clienteCodigo`, `loc_vendedorCodigo`) VALUES ('1', '2018-01-01', '2018-01-08', '15', '15', '15', 'Pago', '1', '1');
INSERT INTO `hiber`.`locacao` (`locCodigo`, `locDataAluguel`, `locDataDevolucao`, `locEntrada`, `locPrecoUnit`, `locPreçoTotal`, `locStatus`, `loc_clienteCodigo`, `loc_vendedorCodigo`) VALUES ('2', '2018-01-10', '2018-01-17', '15', '15', '15', 'Pago', '2', '1');
INSERT INTO `hiber`.`locacao` (`locCodigo`, `locDataAluguel`, `locDataDevolucao`, `locEntrada`, `locPrecoUnit`, `locPreçoTotal`, `locStatus`, `loc_clienteCodigo`, `loc_vendedorCodigo`) VALUES ('3', '2018-01-20', '2018-01-27', '15', '15', '15', 'Pago', '3', '1');
INSERT INTO `hiber`.`locacao` (`locCodigo`, `locDataAluguel`, `locDataDevolucao`, `locEntrada`, `locPrecoUnit`, `locPreçoTotal`, `locStatus`, `loc_clienteCodigo`, `loc_vendedorCodigo`) VALUES ('4', '2018-02-10', '2018-02-17', '15', '15', '15', 'Pago', '4', '1');
INSERT INTO `hiber`.`locacao` (`locCodigo`, `locDataAluguel`, `locDataDevolucao`, `locEntrada`, `locPrecoUnit`, `locPreçoTotal`, `locStatus`, `loc_clienteCodigo`, `loc_vendedorCodigo`) VALUES ('5', '2018-02-20', '2018-02-27', '15', '15', '15', 'Pago', '5', '1');
INSERT INTO `hiber`.`locacao` (`locCodigo`, `locDataAluguel`, `locDataDevolucao`, `locEntrada`, `locPrecoUnit`, `locPreçoTotal`, `locStatus`, `loc_clienteCodigo`, `loc_vendedorCodigo`) VALUES ('6', '2018-03-10', '2018-03-17', '0', '15', '30', 'Pago', '1', '2');
INSERT INTO `hiber`.`locacao` (`locCodigo`, `locDataAluguel`, `locDataDevolucao`, `locEntrada`, `locPrecoUnit`, `locPreçoTotal`, `locStatus`, `loc_clienteCodigo`, `loc_vendedorCodigo`) VALUES ('7', '2018-03-20', '2018-03-27', '0', '15', '30', 'Pago', '2', '2');
INSERT INTO `hiber`.`locacao` (`locCodigo`, `locDataAluguel`, `locDataDevolucao`, `locEntrada`, `locPrecoUnit`, `locPreçoTotal`, `locStatus`, `loc_clienteCodigo`, `loc_vendedorCodigo`) VALUES ('8', '2018-04-10', '2018-04-17', '0', '15', '30', 'Pago', '3', '2');
INSERT INTO `hiber`.`locacao` (`locCodigo`, `locDataAluguel`, `locDataDevolucao`, `locEntrada`, `locPrecoUnit`, `locPreçoTotal`, `locStatus`, `loc_clienteCodigo`, `loc_vendedorCodigo`) VALUES ('9', '2018-04-20', '2018-04-27', '0', '15', '30', 'Pago', '4', '2');
INSERT INTO `hiber`.`locacao` (`locCodigo`, `locDataAluguel`, `locDataDevolucao`, `locEntrada`, `locPrecoUnit`, `locPreçoTotal`, `locStatus`, `loc_clienteCodigo`, `loc_vendedorCodigo`) VALUES ('10', '2018-05-10', '2018-05-17', '0', '15', '30', 'Pago', '5', '2');
INSERT INTO `hiber`.`locacao` (`locCodigo`, `locDataAluguel`, `locDataDevolucao`, `locEntrada`, `locPrecoUnit`, `locPreçoTotal`, `locStatus`, `loc_clienteCodigo`, `loc_vendedorCodigo`) VALUES ('11', '2018-05-20', '2018-05-27', '0', '15', '45', 'Pendente', '1', '2');
INSERT INTO `hiber`.`locacao` (`locCodigo`, `locDataAluguel`, `locDataDevolucao`, `locEntrada`, `locPrecoUnit`, `locPreçoTotal`, `locStatus`, `loc_clienteCodigo`, `loc_vendedorCodigo`) VALUES ('12', '2018-06-10', '2018-06-17', '0', '15', '45', 'Pendente', '2', '2');
INSERT INTO `hiber`.`locacao` (`locCodigo`, `locDataAluguel`, `locDataDevolucao`, `locEntrada`, `locPrecoUnit`, `locPreçoTotal`, `locStatus`, `loc_clienteCodigo`, `loc_vendedorCodigo`) VALUES ('13', '2018-06-20', '2018-06-27', '0', '15', '45', 'Pendente', '3', '2');
INSERT INTO `hiber`.`locacao` (`locCodigo`, `locDataAluguel`, `locDataDevolucao`, `locEntrada`, `locPrecoUnit`, `locPreçoTotal`, `locStatus`, `loc_clienteCodigo`, `loc_vendedorCodigo`) VALUES ('14', '2018-07-10', '2018-07-17', '0', '15', '45', 'Pendente', '4', '2');
INSERT INTO `hiber`.`locacao` (`locCodigo`, `locDataAluguel`, `locDataDevolucao`, `locEntrada`, `locPrecoUnit`, `locPreçoTotal`, `locStatus`, `loc_clienteCodigo`, `loc_vendedorCodigo`) VALUES ('15', '2018-07-20', '2018-07-27', '0', '15', '45', 'Pendente', '5', '2');
/*jogo_locacao*/
INSERT INTO `hiber`.`jogo_locacao` (`jlQtd`, `joCod`, `locCod`) VALUES ('1', '1', '1');
INSERT INTO `hiber`.`jogo_locacao` (`jlQtd`, `joCod`, `locCod`) VALUES ('1', '1', '2');
INSERT INTO `hiber`.`jogo_locacao` (`jlQtd`, `joCod`, `locCod`) VALUES ('1', '2', '3');
INSERT INTO `hiber`.`jogo_locacao` (`jlQtd`, `joCod`, `locCod`) VALUES ('1', '2', '4');
INSERT INTO `hiber`.`jogo_locacao` (`jlQtd`, `joCod`, `locCod`) VALUES ('1', '5', '5');
INSERT INTO `hiber`.`jogo_locacao` (`jlQtd`, `joCod`, `locCod`) VALUES ('1', '9', '6');
INSERT INTO `hiber`.`jogo_locacao` (`jlQtd`, `joCod`, `locCod`) VALUES ('1', '11', '6');
INSERT INTO `hiber`.`jogo_locacao` (`jlQtd`, `joCod`, `locCod`) VALUES ('1', '13', '7');
INSERT INTO `hiber`.`jogo_locacao` (`jlQtd`, `joCod`, `locCod`) VALUES ('1', '5', '7');
INSERT INTO `hiber`.`jogo_locacao` (`jlQtd`, `joCod`, `locCod`) VALUES ('1', '7', '8');
INSERT INTO `hiber`.`jogo_locacao` (`jlQtd`, `joCod`, `locCod`) VALUES ('1', '9', '8');
INSERT INTO `hiber`.`jogo_locacao` (`jlQtd`, `joCod`, `locCod`) VALUES ('1', '11', '9');
INSERT INTO `hiber`.`jogo_locacao` (`jlQtd`, `joCod`, `locCod`) VALUES ('1', '15', '9');
INSERT INTO `hiber`.`jogo_locacao` (`jlQtd`, `joCod`, `locCod`) VALUES ('1', '7', '10');
INSERT INTO `hiber`.`jogo_locacao` (`jlQtd`, `joCod`, `locCod`) VALUES ('1', '11', '10');
INSERT INTO `hiber`.`jogo_locacao` (`jlQtd`, `joCod`, `locCod`) VALUES ('3', '1', '11');
INSERT INTO `hiber`.`jogo_locacao` (`jlQtd`, `joCod`, `locCod`) VALUES ('3', '2', '12');
INSERT INTO `hiber`.`jogo_locacao` (`jlQtd`, `joCod`, `locCod`) VALUES ('3', '1', '13');
INSERT INTO `hiber`.`jogo_locacao` (`jlQtd`, `joCod`, `locCod`) VALUES ('3', '2', '14');
INSERT INTO `hiber`.`jogo_locacao` (`jlQtd`, `joCod`, `locCod`) VALUES ('3', '1', '15');
/*Devolução*/
INSERT INTO `hiber`.`devolucao` (`devCodigo`, `devData`, `devMulta`, `devValor`, `dev_caixaCodigo`, `dev_locCodigo`) VALUES ('1', '2018-01-08', '0', '0', '1', '1');
INSERT INTO `hiber`.`devolucao` (`devCodigo`, `devData`, `devMulta`, `devValor`, `dev_caixaCodigo`, `dev_locCodigo`) VALUES ('2', '2018-01-17', '0', '0', '1', '2');
INSERT INTO `hiber`.`devolucao` (`devCodigo`, `devData`, `devMulta`, `devValor`, `dev_caixaCodigo`, `dev_locCodigo`) VALUES ('3', '2018-01-27', '0', '0', '1', '3');
INSERT INTO `hiber`.`devolucao` (`devCodigo`, `devData`, `devMulta`, `devValor`, `dev_caixaCodigo`, `dev_locCodigo`) VALUES ('4', '2018-02-17', '0', '0', '1', '4');
INSERT INTO `hiber`.`devolucao` (`devCodigo`, `devData`, `devMulta`, `devValor`, `dev_caixaCodigo`, `dev_locCodigo`) VALUES ('5', '2018-02-27', '0', '0', '1', '5');
INSERT INTO `hiber`.`devolucao` (`devCodigo`, `devData`, `devMulta`, `devValor`, `dev_caixaCodigo`, `dev_locCodigo`) VALUES ('6', '2018-03-17', '0', '30', '1', '6');
INSERT INTO `hiber`.`devolucao` (`devCodigo`, `devData`, `devMulta`, `devValor`, `dev_caixaCodigo`, `dev_locCodigo`) VALUES ('7', '2018-03-27', '0', '30', '1', '7');
INSERT INTO `hiber`.`devolucao` (`devCodigo`, `devData`, `devMulta`, `devValor`, `dev_caixaCodigo`, `dev_locCodigo`) VALUES ('8', '2018-04-17', '0', '30', '1', '8');
INSERT INTO `hiber`.`devolucao` (`devCodigo`, `devData`, `devMulta`, `devValor`, `dev_caixaCodigo`, `dev_locCodigo`) VALUES ('9', '2018-04-27', '0', '30', '1', '9');
INSERT INTO `hiber`.`devolucao` (`devCodigo`, `devData`, `devMulta`, `devValor`, `dev_caixaCodigo`, `dev_locCodigo`) VALUES ('10', '2018-05-17', '0', '30', '1', '10');
INSERT INTO `hiber`.`devolucao` (`devCodigo`, `devData`, `devMulta`, `devValor`, `dev_caixaCodigo`, `dev_locCodigo`) VALUES ('11', '2018-05-28', '5', '50', '1', '11');
INSERT INTO `hiber`.`devolucao` (`devCodigo`, `devData`, `devMulta`, `devValor`, `dev_caixaCodigo`, `dev_locCodigo`) VALUES ('12', '2018-06-19', '10', '55', '1', '12');
INSERT INTO `hiber`.`devolucao` (`devCodigo`, `devData`, `devMulta`, `devValor`, `dev_caixaCodigo`, `dev_locCodigo`) VALUES ('13', '2018-06-30', '15', '60', '1', '13');
INSERT INTO `hiber`.`devolucao` (`devCodigo`, `devData`, `devMulta`, `devValor`, `dev_caixaCodigo`, `dev_locCodigo`) VALUES ('14', '2018-07-21', '20', '65', '1', '14');
INSERT INTO `hiber`.`devolucao` (`devCodigo`, `devData`, `devMulta`, `devValor`, `dev_caixaCodigo`, `dev_locCodigo`) VALUES ('15', '2018-07-28', '5', '70', '1', '15');
/*notadeCompra*/
INSERT INTO `hiber`.`notadecompra` (`ndcCodigo`, `ndcCustoUnitario`, `ndcData`, `ndcEntrada`, `ndcParcelas`, `ndcPrecoTotal`, `ndcQtdComprada`, `ndc_caixaCodigo`, `ndc_joCodigo`) VALUES ('1', '444', '2018-01-01','444', '0', '444', '4', '1', '1');
INSERT INTO `hiber`.`notadecompra` (`ndcCodigo`, `ndcCustoUnitario`, `ndcData`, `ndcEntrada`, `ndcParcelas`, `ndcPrecoTotal`, `ndcQtdComprada`, `ndc_caixaCodigo`, `ndc_joCodigo`) VALUES ('2', '333', '2018-01-01','333', '0', '333', '3', '1', '2');
INSERT INTO `hiber`.`notadecompra` (`ndcCodigo`, `ndcCustoUnitario`, `ndcData`, `ndcEntrada`, `ndcParcelas`, `ndcPrecoTotal`, `ndcQtdComprada`, `ndc_caixaCodigo`, `ndc_joCodigo`) VALUES ('3', '350', '2018-01-01','350', '0', '350', '20', '1', '3');
INSERT INTO `hiber`.`notadecompra` (`ndcCodigo`, `ndcCustoUnitario`, `ndcData`, `ndcEntrada`, `ndcParcelas`, `ndcPrecoTotal`, `ndcQtdComprada`, `ndc_caixaCodigo`, `ndc_joCodigo`) VALUES ('4', '200', '2018-01-01','200', '0', '200', '30', '1', '4');
INSERT INTO `hiber`.`notadecompra` (`ndcCodigo`, `ndcCustoUnitario`, `ndcData`, `ndcEntrada`, `ndcParcelas`, `ndcPrecoTotal`, `ndcQtdComprada`, `ndc_caixaCodigo`, `ndc_joCodigo`) VALUES ('5', '130', '2018-01-01','130', '0',	'130', '10', '1', '5');
INSERT INTO `hiber`.`notadecompra` (`ndcCodigo`, `ndcCustoUnitario`, `ndcData`, `ndcEntrada`, `ndcParcelas`, `ndcPrecoTotal`, `ndcQtdComprada`, `ndc_caixaCodigo`, `ndc_joCodigo`) VALUES ('6', '170', '2018-01-01', '170', '0', '170',	'5', '1', '6');
INSERT INTO `hiber`.`notadecompra` (`ndcCodigo`, `ndcCustoUnitario`, `ndcData`, `ndcEntrada`, `ndcParcelas`, `ndcPrecoTotal`, `ndcQtdComprada`, `ndc_caixaCodigo`, `ndc_joCodigo`) VALUES('7', '210', '2018-01-01', '210', '0', '210', '15', '1', '7');
INSERT INTO `hiber`.`notadecompra` (`ndcCodigo`, `ndcCustoUnitario`, `ndcData`, `ndcEntrada`, `ndcParcelas`, `ndcPrecoTotal`, `ndcQtdComprada`, `ndc_caixaCodigo`, `ndc_joCodigo`) VALUES('8', '100', '2018-01-01', '100', '0', '100', '20', '1', '8');
INSERT INTO `hiber`.`notadecompra` (`ndcCodigo`, `ndcCustoUnitario`, `ndcData`, `ndcEntrada`, `ndcParcelas`, `ndcPrecoTotal`, `ndcQtdComprada`, `ndc_caixaCodigo`, `ndc_joCodigo`) VALUES ('9', '160', '2018-01-01', '160', '0', '160',	'25', '1', '9');
INSERT INTO `hiber`.`notadecompra` (`ndcCodigo`, `ndcCustoUnitario`, `ndcData`, `ndcEntrada`, `ndcParcelas`, `ndcPrecoTotal`, `ndcQtdComprada`, `ndc_caixaCodigo`, `ndc_joCodigo`) VALUES('10', '155', '2018-01-01', '155',  '0',	'155', '15', '1', '10');
INSERT INTO `hiber`.`notadecompra` (`ndcCodigo`, `ndcCustoUnitario`, `ndcData`, `ndcEntrada`, `ndcParcelas`, `ndcPrecoTotal`, `ndcQtdComprada`, `ndc_caixaCodigo`, `ndc_joCodigo`) VALUES('11', '190', '2018-01-01', '190', '0', '190',	'35', '1', '11');
INSERT INTO `hiber`.`notadecompra` (`ndcCodigo`, `ndcCustoUnitario`, `ndcData`, `ndcEntrada`, `ndcParcelas`, `ndcPrecoTotal`, `ndcQtdComprada`, `ndc_caixaCodigo`, `ndc_joCodigo`) VALUES ('12', '220', '2018-01-01', '0', '3', '240','30', '1', '12');
INSERT INTO `hiber`.`notadecompra` (`ndcCodigo`, `ndcCustoUnitario`, `ndcData`, `ndcEntrada`, `ndcParcelas`, `ndcPrecoTotal`, `ndcQtdComprada`, `ndc_caixaCodigo`, `ndc_joCodigo`) VALUES ('13', '205', '2018-01-01', '0', '2', '210', '20', '1', '13');
INSERT INTO `hiber`.`notadecompra` (`ndcCodigo`, `ndcCustoUnitario`, `ndcData`, `ndcEntrada`, `ndcParcelas`, `ndcPrecoTotal`, `ndcQtdComprada`, `ndc_caixaCodigo`, `ndc_joCodigo`) VALUES ('14', '175', '2018-01-01', '0', '1', '200', '25', '1', '14');
INSERT INTO `hiber`.`notadecompra` (`ndcCodigo`, `ndcCustoUnitario`, `ndcData`, `ndcEntrada`, `ndcParcelas`, `ndcPrecoTotal`, `ndcQtdComprada`, `ndc_caixaCodigo`, `ndc_joCodigo`) VALUES('15', '125', '2018-01-01', '0', '2', 	'150', '20', '1', '15');
INSERT INTO `hiber`.`notadecompra` (`ndcCodigo`, `ndcCustoUnitario`, `ndcData`, `ndcEntrada`, `ndcParcelas`, `ndcPrecoTotal`, `ndcQtdComprada`, `ndc_caixaCodigo`, `ndc_joCodigo`) VALUES ('16', '135', '2018-01-01', '0', '1', '135', '35', '1', '16');
/*notadeCompraPrazo*/
INSERT INTO `hiber`.`compraPrazo` (`napCodigo`, `napData`, `napNumParcela`, `napSituacao`, `napValor`, `nap_ndcCodigo`) VALUES ('1', '2018-02-01', '1', 'Pago', '80', '12');
INSERT INTO `hiber`.`compraPrazo` (`napCodigo`, `napData`, `napNumParcela`, `napSituacao`, `napValor`, `nap_ndcCodigo`) VALUES ('2', '2018-03-01', '2', 'Pendente', '80', '12');
INSERT INTO `hiber`.`compraPrazo` (`napCodigo`, `napData`, `napNumParcela`, `napSituacao`, `napValor`, `nap_ndcCodigo`) VALUES ('3', '2018-04-01', '3', 'Pendente', '80', '12');
INSERT INTO `hiber`.`compraPrazo` (`napCodigo`, `napData`, `napNumParcela`, `napSituacao`, `napValor`,`nap_ndcCodigo`) VALUES ('4', '2018-02-01', '1', 'Pago', '20','13');
INSERT INTO `hiber`.`compraPrazo` (`napCodigo`, `napData`, `napNumParcela`, `napSituacao`,`napValor`, `nap_ndcCodigo`) VALUES ('5', '2018-03-01', '2', 'Pendente','20', '13');
INSERT INTO `hiber`.`compraPrazo` (`napCodigo`, `napData`, `napNumParcela`, `napSituacao`, `napValor`,`nap_ndcCodigo`) VALUES ('6', '2018-02-01', '1', 'Pago', '50','14');
INSERT INTO `hiber`.`compraPrazo` (`napCodigo`, `napData`, `napNumParcela`, `napSituacao`,`napValor`, `nap_ndcCodigo`) VALUES ('7', '2018-02-01', '1', 'Pago', '10','15');
INSERT INTO `hiber`.`compraPrazo` (`napCodigo`, `napData`, `napNumParcela`, `napSituacao`, `napValor`,`nap_ndcCodigo`) VALUES ('8', '2018-03-01', '2', 'Pendente', '10','15');
INSERT INTO `hiber`.`compraPrazo` (`napCodigo`, `napData`, `napNumParcela`, `napSituacao`,`napValor`, `nap_ndcCodigo`) VALUES ('9', '2018-02-01', '1', 'Pago', '20','16');
/*Conta*/
INSERT INTO `hiber`.`conta` (`conCodigo`,  `conData`, `conDescricao`, `conEntrada`, `conNparcelas`, `conValorTotal`, `caixa_caixaCodigo`, `fornecedor_forCodigo`) VALUES ('1',  '2018-02-01', 'Conta de água', '60', '0', '60', '1', '9');
INSERT INTO `hiber`.`conta` (`conCodigo`,  `conData`, `conDescricao`, `conEntrada`, `conNparcelas`, `conValorTotal`, `caixa_caixaCodigo`, `fornecedor_forCodigo`) VALUES ('2', '2018-02-01', 'Conta de luz', '100', '2', '200', '1', '10');
/*ContaPrazo*/
INSERT INTO `hiber`.`contaaprazo` (`capCodigo`, `capData`, `capNumParcela`, `capSituacao`, `capValorParcela`, `conta_conCodigo`) VALUES ('1', '2018-03-01', '1', 'Pendente', '50', '2');
INSERT INTO `hiber`.`contaaprazo` (`capCodigo`, `capData`, `capNumParcela`, `capSituacao`, `capValorParcela`, `conta_conCodigo`) VALUES ('2', '2018-04-01', '2', 'Pendente', '50', '2');







